<?xml version="1.0" encoding="utf-8" ?>
<AllOfferings>
  <Offering>
    <CourseCode>CS227</CourseCode>
    <SectionNo>1</SectionNo>
    <InstructorID>201586985</InstructorID>
  </Offering>
  <Offering>
    <CourseCode>CS228</CourseCode>
    <SectionNo>1</SectionNo>
    <InstructorID>201586985</InstructorID>
  </Offering>
  <Offering>
    <CourseCode>CS309</CourseCode>
    <SectionNo>1</SectionNo>
    <InstructorID>386167477</InstructorID>
  </Offering>
  <Offering>
    <CourseCode>CS311</CourseCode>
    <SectionNo>1</SectionNo>
    <InstructorID>386167477</InstructorID>
  </Offering>
  <Offering>
    <CourseCode>CS311</CourseCode>
    <SectionNo>2</SectionNo>
    <InstructorID>463249547</InstructorID>
  </Offering>
  <Offering>
    <CourseCode>CS321</CourseCode>
    <SectionNo>1</SectionNo>
    <InstructorID>685744439</InstructorID>
  </Offering>
  <Offering>
    <CourseCode>CS330</CourseCode>
    <SectionNo>1</SectionNo>
    <InstructorID>696335701</InstructorID>
  </Offering>
  <Offering>
    <CourseCode>CS331</CourseCode>
    <SectionNo>2</SectionNo>
    <InstructorID>696335701</InstructorID>
  </Offering>
  <Offering>
    <CourseCode>CS342</CourseCode>
    <SectionNo>1</SectionNo>
    <InstructorID>696335701</InstructorID>
  </Offering>
  <Offering>
    <CourseCode>CS342</CourseCode>
    <SectionNo>2</SectionNo>
    <InstructorID>836826630</InstructorID>
  </Offering>
  <Offering>
    <CourseCode>CS352</CourseCode>
    <SectionNo>1</SectionNo>
    <InstructorID>836826630</InstructorID>
  </Offering>
  <Offering>
    <CourseCode>CS352</CourseCode>
    <SectionNo>2</SectionNo>
    <InstructorID>961874958</InstructorID>
  </Offering>
  <Offering>
    <CourseCode>CS363</CourseCode>
    <SectionNo>2</SectionNo>
    <InstructorID>961874958</InstructorID>
  </Offering>
  <Offering>
    <CourseCode>CS461</CourseCode>
    <SectionNo>2</SectionNo>
    <InstructorID>997111094</InstructorID>
  </Offering>
  <Offering>
    <CourseCode>CS511</CourseCode>
    <SectionNo>2</SectionNo>
    <InstructorID>997111094</InstructorID>
  </Offering>
</AllOfferings>